,ticker,company_name,snapshot_date,revenue_growth_YoY,debt_to_equity,interest_coverage,free_cash_flow_positive,roe,profit_margin,current_ratio,market_cap,pe_trailing,beta,perf_1y,EPS TTM,P/E TTM,Analyst Rating,5y PEG,52 Week Range,Day Range,Current Price
0,UNH,UnitedHealth Group Incorporated,10/02/2025,0.07711061239646738,0.8360394409019889,8.26600102406554,True,0.21653,0.05037,0.8458038833373954,320354877440,15.319186,0.478,-0.4016915,23.09,15.319186,2.0 - Buy,1.3319,234.6 - 630.73,344.65 - 355.08,353.72
1,PLD,Prologis,10/02/2025,0.022202491216704395,0.6574528452068512,3.700054699891078,True,0.06365,0.38685,0.6141962104894672,107766677504,31.215054,1.291,-0.051462173,3.72,31.215054,2.0 - Buy,,85.35 - 127.65,114.54 - 116.475,116.12
2,CC,Chemours Company (The),10/02/2025,-0.04870023033892728,18.59493670886076,1.678030303030303,False,-0.8527,-0.07043,1.6756756756756757,2446070272,,1.631,-0.16504854,-2.74,,2.0 - Buy,,9.13 - 22.38,16.16 - 16.815,16.34
3,AEP,American Electric Power Company,10/02/2025,0.03893100414596756,1.5608598277264647,2.3867833369121754,False,0.13013,0.1766,0.5524542745536689,60677812224,16.636364,0.464,0.13143194,6.82,16.636364,2.6 - Hold,2.3312,89.91 - 115.36,111.73 - 114.055,113.46
4,GOOGL,Alphabet Inc.,10/02/2025,0.13866243322901553,0.09798135105644282,419.36567164179104,True,0.34829,0.31118,1.9037452754552744,2974861492224,26.192965,1.0,0.47066927,9.38,26.192965,1.5 - Buy,1.666,140.53 - 256.0,242.305 - 246.81,245.69
5,MLM,Martin Marietta Materials,10/02/2025,-0.03556145787221485,0.6204208052974474,16.31360946745562,True,0.12084,0.16455,2.3483807654563296,37864329216,34.80432,1.012,0.19797373,18.04,34.80432,1.8 - Buy,,441.95 - 634.84,617.72 - 629.1225,627.87
6,PINS,Pinterest,10/02/2025,0.19347995513033903,0.028556388643031217,,True,0.48083,0.49305,8.756542991110093,21689755648,11.557971,0.803,-0.040601492,2.76,11.557971,1.5 - Strong Buy,0.6409,23.68 - 40.9,31.415 - 32.1,31.9
7,ORA,Ormat,10/02/2025,0.060560099538957156,1.0959153580419647,1.3256634659146018,False,0.05301,0.14489001,0.6964906470172826,6042247680,46.263885,0.688,0.3138312,2.16,46.263885,,3.8363,61.58 - 101.15,98.7868 - 101.0799,99.93
8,SPG,Simon Property,10/02/2025,0.053891294958892604,10.571988751413416,3.4144471664180824,True,0.73077005,0.35057998,0.5944685624600712,69787066368,28.639318,1.531,0.09098947,6.46,28.639318,2.3 - Buy,,136.34 - 190.14,183.88 - 185.79,185.01
9,C,Citigroup,10/02/2025,0.05277575820523473,1.7508559154308654,,False,0.06759,0.19466999,,181715025920,14.5718565,1.357,0.55395913,6.68,14.5718565,1.9 - Buy,0.8409,55.51 - 105.59,96.7 - 99.445,97.34
10,OTIS,Otis Worldwide,10/02/2025,0.0036596523330283625,-1.5136948015651202,,True,,0.10679,0.8814518354954458,36201914368,24.402117,0.99,-0.11782706,3.78,24.402117,2.6 - Hold,2.2685,84.25 - 106.828,92.025 - 93.13,92.24
11,APD,Air Products and Chemicals,10/02/2025,-0.039634920634920634,1.1804344328238134,13.471206581352833,False,0.09336001,0.12859,1.291621144634003,60223012864,38.4375,0.839,-0.05218917,7.04,38.4375,1.9 - Buy,6.6399,243.69 - 341.14,267.91 - 274.83,270.6
12,MU,Micron Technology,10/02/2025,0.615894465894466,0.3180617955387404,2.2170818505338077,True,0.17198999,0.22845,2.7547113961519485,205639237632,23.98825,1.567,0.797066,7.66,23.98825,1.6 - Buy,0.1736,61.54 - 186.18,181.21 - 186.18,183.75
13,KDP,Keurig Dr Pepper,10/02/2025,0.03624949372215472,0.7047828697218331,4.502040816326531,True,0.06181,0.09747,0.6378617919955685,34966126592,22.77876,0.437,-0.2926628,1.13,22.77876,2.0 - Buy,0.6292,25.27 - 37.27,25.27 - 25.75,25.74
14,EMR,Emerson Electric,10/02/2025,0.15344543356412793,0.7483140412682436,8.253869969040247,True,0.09155,0.14920999,0.8453224002981737,74880540672,34.115383,1.279,0.19391596,3.9,34.115383,1.8 - Buy,1.382,90.06 - 150.27,131.23 - 133.34,133.05
15,DUK,Duke Energy,10/02/2025,0.044631796283551274,1.7380872845886306,2.345744680851064,True,0.0959,0.15719,0.6599304650152108,94535802880,19.89689,0.424,0.06593597,6.11,19.89689,2.4 - Buy,2.5447,105.2 - 127.85,120.94 - 122.0799,121.57
16,IFF,International Flavors & Fragrances,10/02/2025,0.00043557801202195314,0.47556234379339074,2.780327868852459,True,-0.02722,-0.03477,1.8623939679547596,15764217856,,1.087,-0.38777745,-1.54,,1.8 - Buy,0.7305,59.89 - 106.77,60.77 - 62.01,61.51
17,XOM,Exxon Mobil,10/02/2025,0.013594385369453565,0.1484769205576691,39.81124497991968,True,0.118310004,0.09404001,1.2486319156115668,474456784896,15.808239,0.484,-0.10846752,7.04,15.808239,2.3 - Buy,2.6043,97.8 - 126.34,111.025 - 113.09,111.29
18,CVX,Chevron,10/02/2025,-0.017769268661794804,0.20125395275138816,31.846801346801346,True,0.08963,0.07247,0.9960949837769547,309013315584,19.713366,0.813,0.017447233,7.78,19.713366,2.2 - Buy,2.4783,132.04 - 168.96,153.3238 - 156.6,153.37
19,HSY,The Hershey Company,10/02/2025,0.00333820212320797,1.3292050401606514,16.792779820671534,True,0.35891998,0.13543999,1.5295829305358886,38318931968,25.102257,0.249,-0.014699757,7.53,25.102257,2.9 - Hold,48.5225,140.13 - 208.03,186.79 - 189.88,189.02
20,AXP,American Express Company,10/02/2025,0.08979591836734693,1.8475132307882765,,True,0.32808,0.15994,,229975162880,23.09434,1.294,0.19752145,14.31,23.09434,2.6 - Hold,1.9087,220.43 - 349.19,326.28 - 331.98,330.48
21,NEXT,NextDecade,10/02/2025,,20.4114289004914,-7.705039859478449,False,-0.1447,0.0,0.6972644483567388,1716023808,,1.787,0.30999994,-0.79,,,,4.865 - 12.12,6.5 - 6.66,6.55
22,GS,The Goldman Sachs,10/02/2025,0.15691615860249924,3.005552153171738,,False,0.12739,0.28401,,235934760960,17.16696,1.415,0.5739963,45.4,17.16696,2.6 - Hold,2.9433,439.38 - 825.25,772.4447 - 791.0,779.38
23,RBLX,Roblox,10/02/2025,0.2867547085422863,5.053827490437998,-26.707783889684276,True,-4.26606,-0.23672001,0.9724147361885191,92548431872,,1.635,2.1793284,-1.42,,1.9 - Buy,,37.5 - 150.59,131.81 - 137.0,133.5
24,TXN,Texas Instruments Incorporated,10/02/2025,-0.10719789942348308,0.8561238797780893,10.513779527559056,True,0.29990998,0.30231002,5.812199036918138,165753896960,33.3309,1.002,-0.10058707,5.47,33.3309,2.4 - Buy,1.5459,139.95 - 221.69,179.84 - 184.61,182.32
25,NTRS,Northern Trust,10/02/2025,0.22394626116483354,1.0459643259627716,,False,0.13585,0.22081,,25403619328,15.656875,1.317,0.47291625,8.51,15.656875,3.0 - Hold,6.6927,81.62 - 135.48,130.19 - 133.56,133.24
26,GE,GE Aerospace,10/02/2025,0.09488514201652144,0.9870394564933368,6.856997971602434,True,0.39567003,0.18642001,1.0366094444139746,317548593152,42.71755,1.493,0.6006521,7.01,42.71755,1.4 - Strong Buy,5.8667,159.36 - 307.25,296.8 - 303.44,299.45
27,ADBE,Adobe,10/02/2025,0.10799113813179453,0.5638062871707732,45.80473372781065,True,0.52875,0.30012,1.018724970234874,147129532416,21.899067,1.49,-0.30704623,16.05,21.899067,2.0 - Buy,0.9811,330.04 - 557.9,342.42 - 351.725,351.48
28,CLX,Clorox Company (The),10/02/2025,0.0015508247568024813,8.97196261682243,13.375,True,1.69199,0.114020005,0.8379364252214695,14952326144,18.778801,0.515,-0.24336201,6.51,18.778801,3.2 - Hold,3.4575,116.53 - 171.37,121.35 - 122.98,122.25
29,MET,MetLife,10/02/2025,0.03293506033171366,0.7190175185118295,,True,0.15508,0.058720004,,54086569984,13.80815,0.849,-0.03224653,5.89,13.80815,1.9 - Buy,0.855,65.21 - 89.05,80.82 - 82.63,81.33
30,WY,Weyerhaeuser Company,10/02/2025,-0.07167057597081053,0.5450440991180177,2.687732342007435,True,0.02851,0.03965,1.037780401416765,17987268608,65.60526,1.063,-0.24178833,0.38,65.60526,1.6 - Buy,1.3524,23.98 - 33.57,24.52 - 25.01,24.93
31,BUD,Anheuser-Busch Inbev SA Sponsor,10/02/2025,0.006534186594813069,0.9368918198609165,3.620697896749522,True,0.09685001,0.12158,0.6427035051046684,116128309248,17.16,0.851,-0.09548193,3.5,17.16,1.8 - Buy,1.2026,45.94 - 72.13,59.835 - 60.37,60.06
32,KMB,Kimberly-Clark,10/02/2025,-0.01825657089716607,5.697088906372935,12.248148148148148,True,1.84203,0.12324,0.7749267884534933,40682856448,16.774282,0.306,-0.12967563,7.31,16.774282,2.6 - Hold,4.8641,121.02 - 150.45,122.08 - 123.24,122.62
33,EOG,EOG Resources,10/02/2025,0.008454835648347855,0.1571926944387441,59.80434782608695,True,0.19631,0.25143,1.786473429951691,60277673984,10.70805,0.76,-0.17067307,10.31,10.70805,2.1 - Buy,7.1926,102.52 - 138.18,110.29 - 113.32,110.4
34,ICE,Intercontinental Exchange,10/02/2025,0.187619913157629,0.6913936155252426,4.849450549450549,True,0.11062,0.30997,1.0056291000931048,92148670464,30.957693,1.085,-0.01093632,5.2,30.957693,1.8 - Buy,0.0066,142.29 - 189.35,160.7 - 162.5,160.98
35,COF,Capital One Financial,10/02/2025,0.06320167450458042,0.46796928512203034,,True,0.00013,0.0,,136716009472,593.8333,1.182,0.3932482,0.36,593.8333,1.7 - Buy,0.728,143.22 - 232.45,210.295 - 214.76,213.78
36,REGN,Regeneron Pharmaceuticals,10/02/2025,0.08270057634251213,0.09035402102281646,72.29528985507247,True,0.15336001,0.31367,4.5976274884101445,63592464384,15.128593,0.307,-0.40759462,39.66,15.128593,1.7 - Buy,1.1539,476.49 - 1024.36,596.6 - 605.4125,600.0
37,PEP,PepsiCo,10/02/2025,0.004187119414896525,2.7898794657400368,14.058759521218716,True,0.39859,0.08229,0.7750851741949665,194833383424,25.874544,0.458,-0.1527654,5.5,25.874544,2.7 - Hold,2.9649,127.6 - 177.5,141.37 - 143.25,142.31
38,VLO,Valero Energy,10/02/2025,-0.10282110440296754,0.44218788935958137,6.753597122302159,True,0.02757,0.0064999997,1.6218573277917832,51164340224,66.411285,1.026,0.15643871,2.48,66.411285,1.9 - Buy,4.4093,99.0 - 178.43,162.36 - 167.53,164.7
39,NOC,Northrop Grumman,10/02/2025,0.04436243318910664,1.096567771960442,7.037037037037037,True,0.26501,0.09741,1.0421279441266067,86627131392,22.308628,0.098,0.12719381,27.12,22.308628,2.2 - Buy,3.5717,426.24 - 610.85,601.96 - 607.2635,605.01
40,CAT,Caterpillar,10/02/2025,-0.033566954965702354,2.183591447403676,25.53125,True,0.52711,0.14946,1.3383809469284937,229821710336,24.503996,1.465,0.2354126,20.02,24.503996,2.0 - Buy,2.0819,267.3 - 495.98,484.19 - 495.98,490.57
41,PEG,Public Service Enterprise Group,10/02/2025,-0.08427516240989588,1.405614540219543,2.8049940546967895,False,0.12186,0.17783001,1.0013094718463553,40714928128,20.601011,0.538,-0.11354995,3.96,20.601011,2.5 - Buy,2.2404,74.67 - 95.22,81.13 - 82.72,81.58
42,MDB,MongoDB,10/02/2025,0.19217462036790015,0.012145537133525475,-26.700939199209095,True,-0.03652,-0.03545,5.697040011140903,26545942528,,1.505,0.22961259,-0.93,,1.7 - Buy,,140.78 - 370.0,325.01 - 335.83,326.29
43,SCHW,The Charles Schwab,10/02/2025,0.040823910389127784,0.7617843926310893,,True,0.15595001,0.33676997,,168270823424,24.919353,0.966,0.43166018,3.72,24.919353,1.7 - Buy,0.6817,64.07 - 99.59,92.13 - 93.07,92.7
44,PGR,The Progressive,10/02/2025,0.2135850393827618,0.2114771193718562,,True,0.37293997,0.12663999,,142788395008,13.718309,0.318,-0.046444237,17.75,13.718309,2.4 - Buy,5.3116,228.54 - 292.99,242.216 - 245.705,243.5
45,PSA,Public Storage,10/02/2025,0.03938428710247936,1.1139316800425587,7.658887756131676,True,0.18917999,0.38064,1.7678598007442083,50733944832,31.567686,0.876,-0.1628257,9.16,31.567686,,10.6217,256.6 - 355.87,287.871 - 291.05,289.16
46,DD,"DuPont de Nemours, Inc.",10/02/2025,0.026350679482930062,0.3110908775580992,4.997267759562842,True,0.00461,-0.01539,1.4114980424479704,33911863296,476.41174,1.07,-0.07482296,0.17,476.41174,1.4 - Strong Buy,0.7565,53.77 - 88.21,78.25 - 81.04,80.99
47,BA,Boeing Company (The),10/02/2025,-0.14495976553461706,-16.18300455235205,-3.972110091743119,False,,-0.14182,1.2314366971057111,164411359232,,1.47,0.4027742,-16.55,,1.6 - Buy,,128.88 - 242.69,215.31 - 218.86,217.43
48,ABBV,AbbVie,10/02/2025,0.03711476858499945,-385.14207650273227,4.235754985754986,True,1.1285399,0.06451,0.7358110996554933,431711518720,116.53202,0.507,0.21756136,2.03,116.53202,1.9 - Buy,0.4392,163.81 - 244.81,234.56 - 242.67,236.56
49,CVS,CVS Health,10/02/2025,0.04201791064800322,1.0690755889840913,3.3113590263691686,True,0.05881,0.01179,0.8033920265075083,98231877632,21.573816,0.609,0.19910204,3.59,21.573816,1.6 - Buy,0.6371,43.56 - 77.76,76.27 - 77.76,77.45
50,ZM,Zoom Communications,10/02/2025,0.030528420948466434,0.006062294212664316,,True,0.13598,0.24994,4.4479616774829545,24613558272,21.642105,0.777,0.19778621,3.8,21.642105,2.3 - Buy,,64.41 - 92.8,81.05 - 82.65,82.24
51,UNP,Union Pacific,10/02/2025,0.005431402628633028,2.0885717800467463,7.654058313632782,True,0.42355,0.2843,0.648326100433974,139099340800,20.393044,1.068,-0.018169641,11.5,20.393044,1.9 - Buy,2.6174,204.66 - 256.84,233.52 - 236.9899,234.52
52,CDNS,Cadence Design Systems,10/02/2025,0.13478725844049344,0.4949817618482073,18.08613271227253,True,0.21839,0.19884,2.8214898784884053,94619418624,93.84865,0.988,0.29253674,3.7,93.84865,1.7 - Buy,3.1215,221.56 - 376.45,346.35 - 355.135,347.24
53,CCI,Crown Castle Inc.,10/02/2025,-0.05916057871365134,-21.393632416787266,2.53,True,-1.83279,-0.71707,0.28240862476991846,41569972224,,0.963,-0.14370292,-9.0,,1.9 - Buy,1.3291,84.2 - 115.89,94.815 - 96.41,95.46
54,FOXA,Fox Corporation,10/02/2025,0.1659513590844063,0.6240595218190937,8.012406947890819,True,0.19589001,0.13883,2.9095616154642734,26209806336,12.613821,0.543,0.48433387,4.92,12.613821,2.3 - Buy,,41.13 - 65.3,61.64 - 62.56,62.06
55,ALL,The Allstate,10/02/2025,0.12235161068014348,0.33669178566967817,,True,0.27005,0.087919995,,55338754048,9.878175,0.377,0.10200977,21.26,9.878175,1.9 - Buy,1.2929,176.0 - 215.7,208.645 - 211.13,210.01
56,DE,Deere & Company,10/02/2025,-0.16149913690081,2.65862959285005,3.413082437275986,True,0.21399,0.11767,2.314065908153039,124843532288,24.115929,1.031,0.13193953,19.15,24.115929,2.3 - Buy,1.5264,387.03 - 533.78,453.345 - 462.335,461.82
57,AMR,Alpha Metallurgical Resources,10/02/2025,-0.14810436199396385,0.0035749917891070887,59.7885069535555,True,-0.02286,-0.015700001,4.061070678595058,2190692608,,0.961,-0.2809769,-2.87,,,,97.41 - 255.038,163.36 - 176.2546,167.82
58,LRCX,Lam Research,10/02/2025,0.23684089764599187,0.45474328302482586,33.113741070576815,True,0.58238,0.29065,2.210118102893768,185359155200,35.334137,1.841,0.8026736,4.16,35.334137,1.7 - Buy,2.3232,56.32 - 147.35,143.71 - 147.35,146.99
59,EXC,Exelon,10/02/2025,0.05987941271229346,1.7684286748732803,2.2502612330198537,False,0.09871,0.111669995,0.9475753604193972,45419126784,17.09886,0.486,0.11837852,2.63,17.09886,2.5 - Hold,2.0642,35.94 - 48.11,44.545 - 45.11,44.97
60,SRE,DBA Sempra,10/02/2025,-0.21142344497607657,1.2166976700192327,2.8236415633937084,False,0.08641,0.20351,0.48437318461717205,58252738560,21.617432,0.661,0.0808717,4.13,21.617432,2.3 - Buy,1.9838,61.9 - 95.77,88.43 - 89.68,89.28
61,STT,State Street,10/02/2025,0.08154039347007117,1.309371223495807,,False,0.109469995,0.21392,,32659007488,12.934833,1.48,0.3185202,8.9,12.934833,1.9 - Buy,1.0365,72.81 - 118.06,113.1501 - 115.415,115.12
62,ENPH,Enphase Energy,10/02/2025,-0.4192460579032699,1.3726404863752033,10.156765861875352,True,0.19795,0.117819995,1.9688307733859516,4934534144,29.255816,1.553,-0.64379424,1.29,29.255816,2.9 - Hold,0.6205,29.89 - 109.5,37.065 - 38.2,37.74
63,HD,The Home Depot,10/02/2025,0.04483555928184504,5.749742147210502,9.274450667815596,True,1.9395399,0.08863,1.1473448745380277,393187688448,26.816702,1.001,-0.032691717,14.73,26.816702,1.8 - Buy,3.9204,326.31 - 439.37,393.79 - 397.38,395.01
64,BE,Bloom Energy,10/02/2025,0.10527870893233443,2.5591651936405637,0.36574813206462736,True,0.04675,0.01451,4.991198923940011,20591820800,800.0,3.48,7.125577,0.11,800.0,2.6 - Hold,4.1755,9.02 - 92.16,85.04 - 92.07,88.0
65,BAC,Bank of America,10/02/2025,0.03353587405280937,1.2059753203448609,,False,0.0946,0.28514,,373902704640,14.803518,1.334,0.25853896,3.41,14.803518,1.6 - Buy,1.2656,33.07 - 52.88,50.07 - 50.845,50.48
66,EQR,Equity Residential,10/02/2025,0.036932960886079294,0.7880177005894049,3.050725322414125,True,0.09082,0.33221,0.10664431743240273,24983308288,23.86466,0.911,-0.13667893,2.66,23.86466,2.3 - Buy,,59.41 - 78.32,63.12 - 63.995,63.48
67,ROKU,Roku,10/02/2025,0.18030062971016345,0.21893326210012384,-530.8199513381995,True,-0.02469,-0.013990001,2.8499424285410058,15298812928,,2.127,0.36829627,-0.42,,2.0 - Buy,,52.43 - 105.4512,103.0 - 105.4512,103.84
68,CHTR,Charter Communications,10/02/2025,0.00875345651656381,5.940095008945647,2.5329890992541597,True,0.32652,0.095319994,0.3305853256389118,36826296320,7.380509,1.051,-0.17378646,36.53,7.380509,2.4 - Buy,0.5425,251.8 - 437.06,269.21 - 276.845,269.61
69,SEDG,SolarEdge,10/02/2025,-0.6971451301650783,1.4799880752661145,-182.67384310814154,False,-1.32969,-1.85155,1.9394657381999154,2253867008,,1.581,0.88574266,-30.41,,3.4 - Hold,,10.24 - 40.5,37.7 - 39.4,37.96
70,AMAT,Applied Materials,10/02/2025,0.02485198174755817,0.34674938474159145,31.850202429149796,True,0.35634997,0.23877001,2.50133198021058,178121277440,25.968641,1.814,0.10704565,8.61,25.968641,1.8 - Buy,2.1917,123.74 - 226.41,218.73 - 226.4,223.59
71,CRWD,CrowdStrike,10/02/2025,0.29391354434791717,0.21575646581556054,-4.57717304549428,True,-0.089209996,-0.06841,1.8798822073351136,124674506752,,1.188,0.6999726,-1.2,,1.9 - Buy,4.149,283.8 - 517.98,492.345 - 502.27,496.8
72,INFY,Infosys,10/02/2025,0.03851955608231872,0.0626072815972536,83.20408163265306,True,0.30365,0.16427,2.181606519208382,66946641920,20.974026,0.34,-0.29135585,0.77,20.974026,2.5 - Buy,4.122,15.82 - 23.63,16.03 - 16.43,16.15
73,HUM,Humana,10/02/2025,0.10704683475285313,0.690248985411868,,True,0.09034,0.0128,,30864152576,19.664368,0.425,0.069116354,13.05,19.664368,2.5 - Buy,0.9579,206.87 - 315.35,239.0 - 266.87,256.62
74,IRM,Iron Mountain Incorporated (Del,10/02/2025,0.12218698685416043,-23.260437352430692,1.647466623926458,False,,0.00642,0.6326749749564154,30509471744,737.8572,1.076,-0.1266486,0.14,737.8572,1.7 - Buy,,72.33 - 130.24,102.14 - 103.415,103.3
75,KIM,Kimco Realty,10/02/2025,0.1422081417517102,0.7871266815104544,2.136202673112285,True,0.05632,0.28538,3.8233801695204503,14465001472,26.048782,1.318,-0.06887531,0.82,26.048782,2.3 - Buy,,17.93 - 25.83,21.2 - 21.565,21.36
76,MDLZ,Mondelez,10/02/2025,0.011800310972900933,0.8210208834421411,13.12007874015748,True,0.13545999,0.098129995,0.6412513202233063,79939952640,22.630035,0.457,-0.13606489,2.73,22.630035,1.8 - Buy,4.8663,53.95 - 72.7,61.63 - 62.7,61.78
77,CRSR,Corsair Gaming,10/02/2025,-0.0982933470331364,0.31587340225237087,-3.7823881275081397,True,-0.12326,-0.05736,1.448308469151677,845114688,,1.759,0.105409145,-0.8,,2.3 - Buy,,5.64 - 13.02,7.8235 - 8.7,7.97
78,CSX,CSX,10/02/2025,-0.007982533942825953,1.5882638215324927,6.480769230769231,True,0.24819,0.21915,0.7727120348642307,66312331264,21.822086,1.286,0.03131342,1.63,21.822086,1.7 - Buy,2.4698,26.22 - 37.25,34.84 - 35.59,35.57
79,FDX,FedEx,10/02/2025,0.0026569965675709577,1.3649490475676065,7.596958174904943,True,0.15004,0.046529997,1.2460706003607318,57176727552,14.203987,1.288,-0.07100135,17.06,14.203987,2.0 - Buy,1.067,194.3 - 308.53,239.0 - 245.29,242.32
80,FANG,Diamondback Energy,10/02/2025,0.32186113442858855,0.38921324040019545,16.31597222222222,False,0.13784,0.28613,0.5496142591114658,41552838656,10.40625,1.015,-0.26422077,13.76,10.40625,1.4 - Strong Buy,,114.0 - 200.47,142.07 - 147.695,143.19
81,VTR,Ventas,10/02/2025,0.09481000492015366,1.151296582264384,1.130043876019143,True,0.01822,0.03625,0.9539533379095951,31626649600,161.8372,0.909,0.11290586,0.43,161.8372,1.5 - Buy,1.7374,56.68 - 71.36,69.31 - 70.13,69.59
82,BLK,BlackRock,10/02/2025,0.14267316199115293,0.29934270771860566,14.011152416356877,True,0.13921,0.29685,13.342230130486358,179713507328,28.018833,1.462,0.22266352,41.42,28.018833,1.6 - Buy,2.1091,773.74 - 1183.5,1139.46 - 1167.415,1160.54
83,FOX,Fox,10/02/2025,0.1659513590844063,0.6240595218190937,8.012406947890819,True,0.19589001,0.13883,2.9095616154642734,26209806336,11.380856,0.543,0.4499222,4.91,11.380856,,,37.88 - 59.29,55.56 - 56.465,55.88
84,AFRM,Affirm,10/02/2025,0.38803847956886767,2.5589061485319853,0.7944346117414226,True,0.01799,0.016180001,54.185038145898346,25215102976,516.19995,3.584,0.96722555,0.15,516.19995,1.8 - Buy,40.9802,30.901 - 100.0,73.65 - 78.03,77.43
85,TGT,Target,10/02/2025,-0.007876214948050497,1.2950713359273671,13.54257907542579,True,0.26319,0.03718,0.9901680278832649,40673267712,10.432402,1.177,-0.4145081,8.58,10.432402,2.8 - Hold,1.9106,86.3 - 161.5,88.18 - 90.28,89.51
86,SO,Southern Company (The),10/02/2025,0.05825050489050806,2.082201446463221,2.5767407947502736,True,0.11229,0.15100999,0.7413177762525738,103283449856,24.260983,0.413,0.03964126,3.87,24.260983,2.3 - Buy,4.2935,80.46 - 96.44,93.525 - 94.53,93.89
87,DOCS,Doximity,10/02/2025,0.19977409543521335,0.011545493104003043,,True,0.2425,0.39876997,6.467500875481515,13483687936,61.529915,1.377,0.6424823,1.17,61.529915,2.2 - Buy,,40.87 - 85.21,69.16 - 72.18,71.99
88,RTX,RTX,10/02/2025,0.17147417295414974,0.6986602134683804,3.318781725888325,True,0.10318,0.073520005,1.0059817418832364,223804194816,36.783665,0.648,0.33400047,4.53,36.783665,1.8 - Buy,1.479,112.27 - 168.28,165.8964 - 168.25,166.63
89,BABA,Alibaba Group Holding,10/02/2025,0.05862821515393639,0.22896755558010876,15.326802834514382,True,0.13447,0.14626001,1.448547063406436,451480813568,21.86374,0.175,0.6531913,8.66,21.86374,1.4 - Strong Buy,1.8794,80.06 - 192.67,188.312 - 192.6677,189.34
90,MMC,Marsh & McLennan Companies,10/02/2025,0.07573891625615764,1.3705841314137122,8.31,True,0.28408,0.15997,1.2027835051546392,98113413120,23.957985,0.811,-0.1016835,8.33,23.957985,2.7 - Hold,2.0128,195.01 - 248.0,197.81 - 201.6,199.57
91,DDOG,Datadog,10/02/2025,0.2611946574802465,0.3956580553527693,7.680249009620827,True,0.04447,0.04131,3.4323850569616137,52859301888,409.64865,1.214,0.23538995,0.37,409.64865,1.5 - Buy,1.6958,81.63 - 170.08,150.535 - 154.77,151.57
92,DEO,Diageo,10/02/2025,-0.0011840742019833242,2.2002705139765553,3.926630434782609,True,0.20105,0.116280004,1.633401792382375,53555847168,22.777777,0.336,-0.2994765,4.23,22.777777,2.3 - Buy,0.6497,93.42 - 139.96,96.08 - 97.08,96.35
93,ORCL,Oracle,10/02/2025,0.08379751137629576,4.364039082553615,5.045276690888764,False,0.69241995,0.21079999,0.6177960575813813,823907581952,67.158134,1.531,0.6901556,4.3,67.158134,1.9 - Buy,2.306,118.86 - 345.72,286.05 - 294.97,288.78
94,PNC,The PNC Financial Services,10/02/2025,-0.03254451624901204,1.0489003072543268,,True,0.11373,0.29228002,,78036877312,13.544771,1.109,0.087237954,14.63,13.544771,2.0 - Buy,1.9419,145.12 - 216.26,196.6201 - 199.61,198.16
95,PG,Procter & Gamble Company (The),10/02/2025,0.0029153131284284676,0.6818234253633777,22.54796030871003,True,0.31242,0.18952999,0.7041987908369849,355870801920,23.356375,0.364,-0.09965658,6.51,23.356375,2.0 - Buy,4.6559,149.91 - 180.43,151.625 - 152.8,152.05
96,JNJ,Johnson & Johnson,10/02/2025,0.04300191406662831,0.6468594293578683,29.336423841059602,True,0.30212,0.25004998,1.0058693244739756,447902875648,19.912205,0.392,0.160272,9.34,19.912205,2.2 - Buy,1.0728,140.68 - 186.59,184.09 - 186.59,185.98
97,COP,ConocoPhillips,10/02/2025,-0.02486596248730874,0.35882693832733487,11.537003610108304,True,0.1593,0.15467,1.2687966502821773,116626235392,12.517426,0.635,-0.18473893,7.46,12.517426,1.6 - Buy,10.1472,79.88 - 116.08,93.125 - 96.1365,93.38
98,TRV,The Travelers Companies,10/02/2025,0.12218113262272497,0.27217291144386474,,True,0.19294001,0.10966,,63046483968,12.380195,0.519,0.18555522,22.62,12.380195,2.5 - Buy,2.6719,224.62 - 280.7,275.52 - 280.275,280.04
99,TD,Toronto Dominion Bank (The),10/02/2025,0.09184069559816785,3.359498859594558,,True,0.17633,0.32935002,,137472278528,9.58243,1.003,0.24988222,8.31,9.58243,2.1 - Buy,,51.25 - 82.08,79.0 - 80.57,79.63
100,FCX,Freeport-McMoRan,10/02/2025,0.1137606650623496,0.508073374340949,21.517241379310345,True,0.14645,0.07452,2.4653769661905622,56124407808,29.671757,1.582,-0.23105836,1.31,29.671757,2.2 - Buy,2.9985,27.66 - 51.19,38.2 - 39.87,38.87
101,BALL,Ball,10/02/2025,-0.02213563256508042,1.3497887053399924,4.037542662116041,False,0.09592,0.044850003,0.9986689484692908,13738076160,24.990099,1.089,-0.23538321,2.02,24.990099,2.2 - Buy,,43.51 - 67.84,50.3246 - 50.785,50.48
102,WBD,Warner Bros. Discovery,10/02/2025,-0.04840153916894557,0.9606923909123692,0.008924144769459593,True,0.01759,0.01998,1.0437883435582822,47633854464,62.064514,1.737,1.4730077,0.31,62.064514,2.3 - Buy,,7.25 - 20.24,19.04 - 19.35,19.24
103,OKTA,Okta,10/02/2025,0.15333627927529828,0.1391767841279242,-12.6,True,0.02607,0.0608,1.3471854930109557,16733056000,113.0,0.838,0.31268156,0.84,113.0,1.9 - Buy,0.4551,70.92 - 127.567,91.77 - 95.4899,94.92
104,PARR,Par Pacific,10/02/2025,-0.03128029732912777,1.3728756590605313,0.43536289299820036,False,-0.015859999,-0.0025099998,1.42432209305503,1788677120,,1.742,0.8555614,-0.29,,2.4 - Buy,,11.86 - 38.6,34.14 - 35.48,35.2
105,NVDA,NVIDIA,10/02/2025,1.1420340763599357,0.10584134783433702,329.7692307692308,True,1.09417,0.52414,4.2140000824504265,4598904913920,53.509914,2.123,0.5120877,3.53,53.509914,1.4 - Strong Buy,0.9915,86.62 - 191.05,188.265 - 191.05,188.89
106,COST,Costco Wholesale,10/02/2025,0.05020017334599034,0.30156682027649767,54.94082840236686,True,0.30686,0.02943,1.0152212671971048,406346399744,50.206463,0.964,0.038115263,18.26,50.206463,2.0 - Buy,5.7348,867.34 - 1078.23,910.01 - 918.24,916.77
107,VZ,Verizon Communications,10/02/2025,0.006075805753355128,1.6484189282283652,4.314332982403369,True,0.18454,0.1328,0.6373211707573172,182988505088,10.093023,0.366,-0.017655075,4.3,10.093023,2.3 - Buy,2.071,37.59 - 47.36,43.22 - 43.72,43.4
108,ASML,ASML Holding,10/02/2025,0.02556017199775024,0.20994766775266485,55.48954489544895,True,0.58245,0.29273,1.4348141383755908,399858106368,36.54381,1.276,0.23669863,28.19,36.54381,1.7 - Buy,1.871,578.51 - 1040.23,1021.89 - 1040.23,1030.17
109,PH,Parker-Hannifin,10/02/2025,-0.004014049172102358,0.6786288554304927,9.926650366748166,True,0.2741,0.17788,1.1943632926619694,95938125824,27.965326,1.347,0.20209932,27.11,27.965326,1.8 - Buy,3.3826,488.45 - 779.77,753.08 - 762.61,758.14
110,PYPL,PayPal,10/02/2025,0.06805280306338383,0.5591802386020494,15.086387434554974,True,0.22923,0.1449,1.329167591564928,65854234624,14.760171,1.446,-0.1314264,4.67,14.760171,2.3 - Buy,0.7367,55.85 - 93.66,66.95 - 68.95,68.93
111,IBM,IBM,10/02/2025,0.014435822825735531,2.461703442509724,5.884345794392523,True,0.22665001,0.091079995,0.9079414727243811,267085201408,46.31987,0.724,0.2686726,6.19,46.31987,2.5 - Hold,1.7336,203.51 - 296.16,282.79 - 288.53,286.72
112,PLUG,Plug Power,10/02/2025,-0.29452958467027174,0.5900845059028021,-23.126914332289477,False,-0.83002996,-2.9283898,1.5913509283699026,3412674560,,2.238,0.31627905,-2.2,,2.9 - Hold,,0.69 - 3.32,2.765 - 2.96,2.83
113,CRM,Salesforce,10/02/2025,0.08715609490202829,0.18322788938168535,,True,0.11201999,0.16868,1.1242233268240724,227413770240,34.720932,1.195,-0.16983491,6.88,34.720932,1.6 - Buy,1.1181,226.48 - 369.0,233.62 - 239.4,238.88
114,LOW,Lowe's Companies,10/02/2025,-0.031293052548710884,-3.4263157894736844,7.110054347826087,True,,0.08202,1.0470354268800297,138708828160,20.272951,0.88,-0.07629967,12.2,20.272951,1.9 - Buy,2.1835,206.39 - 287.01,246.35 - 248.9999,247.33
115,COIN,Coinbase Global,10/02/2025,1.1117178931939855,0.3645767232754265,27.719449438898877,True,0.27961,0.42666,2.1250107219459826,95598985216,35.810394,3.684,1.1769938,10.39,35.810394,2.3 - Buy,10.7278,142.58 - 444.65,353.4 - 376.1299,372.07
116,EMN,Eastman Chemical Company,10/02/2025,0.018675352877307275,0.8784918594687232,6.37037037037037,True,0.1439,0.0896,1.6845412651864264,7391762944,9.053446,1.298,-0.40944952,7.11,9.053446,1.8 - Buy,3.0151,56.78 - 111.79,62.08 - 64.47,64.37
117,MOS,Mosaic Company (The),10/02/2025,-0.18788560247077635,0.37205468435866507,2.7021739130434783,True,0.07914,0.083529994,1.1361197273982837,11032070144,11.471947,1.01,0.29075384,3.03,11.471947,2.0 - Buy,0.903,22.36 - 38.23,33.91 - 35.22,34.76
118,TFC,Truist Financial Corporation,10/02/2025,-0.33682948756368,0.9416718075262184,,True,0.08128,0.28729,,58759561216,12.359673,0.855,0.07006371,3.67,12.359673,2.2 - Buy,,33.56 - 49.06,45.195 - 45.82,45.36
119,NUE,Nucor,10/02/2025,-0.11465114939217606,0.3374858992594046,13.06578947368421,True,0.07304,0.042069998,2.826579835986493,31910017024,24.91398,1.762,-0.08201265,5.58,24.91398,1.5 - Strong Buy,,97.59 - 170.52,135.14 - 139.29,139.02
120,IP,International Paper Company,10/02/2025,-0.01570099386762529,0.5583069237793414,1.1069767441860465,True,-0.00198,-0.00123,1.33394186209802,24630364160,,1.057,-0.038738906,-0.06,,2.1 - Buy,0.9705,43.27 - 60.36,46.01 - 46.69,46.65
121,ZS,Zscaler,10/02/2025,0.23311687443000206,0.9985010612619653,-24.315165423599158,True,-0.026989998,-0.015520001,2.0144335862819194,48690163712,,1.062,0.7684126,-0.27,,1.6 - Buy,4.1489,164.78 - 318.46,302.15 - 307.79,307.58
122,UL,Unilever,10/02/2025,0.019411448896047245,,10.062611806797854,True,0.287,0.092939995,0.7645722937168812,145283448832,22.410645,0.247,-0.062062383,2.63,22.410645,1.4 - Strong Buy,1.6669,54.32 - 65.66,58.68 - 58.9737,58.94
123,NOW,ServiceNow,10/02/2025,0.22438970014491139,0.2203622392974753,59.30434782608695,True,0.16951,0.13776,1.0918187168922895,188863037440,114.62216,0.923,-0.008259952,7.94,114.62216,1.4 - Strong Buy,1.7216,678.66 - 1198.09,895.54 - 915.05,910.1
124,AON,Aon,10/02/2025,0.1735944976076555,2.3177355603723067,5.299492385786802,True,0.37410998,0.15538,1.0276269621421976,77782982656,30.36448,0.887,0.036371946,11.88,30.36448,2.1 - Buy,1.5656,323.73 - 412.97,354.605 - 361.95,360.73
125,SNAP,Snap,10/02/2025,0.16397397807045633,2.025747611456119,-36.52997401633259,True,-0.26416,-0.09689999,3.8840401805950933,13890423808,,0.712,-0.23888886,-0.32,,2.8 - Hold,,6.9 - 13.281,7.705 - 8.22,8.22
126,KO,Coca-Cola,10/02/2025,0.028565808453905668,1.7297883505334966,8.467391304347826,True,0.42369998,0.25887,1.2125865840320817,284472410112,23.439716,0.424,-0.058001995,2.82,23.439716,1.6 - Buy,2.23,60.62 - 74.38,65.86 - 66.65,66.1
127,DOCU,DocuSign,10/02/2025,0.07779369285146867,0.0638549277531156,148.16064516129032,True,0.14229,0.09077,0.7425222846752925,13695190016,51.590904,1.019,0.06672931,1.32,51.590904,2.5 - Buy,,62.66 - 107.86,67.99 - 69.3325,68.1
128,WMT,Walmart,10/02/2025,0.05070009643201543,0.7214959493951837,10.758064516129032,True,0.23375,0.03079,0.7920842747619875,810838917120,38.377357,0.671,0.2564863,2.65,38.377357,1.4 - Strong Buy,3.3762,78.98 - 106.11,99.87 - 102.135,101.7
129,UPS,United Parcel Service,10/02/2025,0.001231337540403263,1.8354920634920635,9.778290993071593,True,0.34907,0.06345,1.3237359550561798,72526536704,12.733631,1.078,-0.34803808,6.72,12.733631,2.3 - Buy,1.3117,82.0 - 145.01,84.54 - 87.11,85.57
130,LIN,Linde,10/02/2025,0.004596091800085226,0.6729845514734519,17.648870636550306,True,0.17312999,0.20196,0.9261247791219247,220143648768,33.22576,0.94,0.002776742,14.13,33.22576,1.7 - Buy,2.1733,408.65 - 487.49,462.95 - 470.285,469.48
131,ECL,Ecolab,10/02/2025,0.02749311366692341,0.9621364119180713,7.679988245665589,True,0.24410999,0.13585,1.4415401853926861,77713219584,36.680054,1.096,0.091546535,7.47,36.680054,2.1 - Buy,2.8844,221.62 - 286.04,268.49 - 274.31,274.0
132,LMT,Lockheed Martin,10/02/2025,0.051382989744121,4.056617922759655,6.769305019305019,True,0.73056,0.058520004,0.9849716678984972,116583104512,28.038181,0.274,-0.17478889,17.81,28.038181,2.6 - Hold,1.6585,410.11 - 618.95,497.08 - 503.555,499.36
133,WMB,The Williams Companies,10/02/2025,-0.037040432749610344,2.2971538832609744,2.447947214076246,True,0.17393999,0.21375999,0.5357618097139055,78228627456,32.353535,0.665,0.29075158,1.98,32.353535,2.0 - Buy,2.3843,48.41 - 65.55,63.27 - 65.55,64.06
134,PKG,Packaging Corporation of Americ,10/02/2025,0.07445145083564031,0.6068090067140174,28.32850241545894,True,0.20653999,0.10468,3.5382820784729585,19403024384,21.542458,0.921,0.010638833,10.01,21.542458,2.4 - Buy,1.592,172.72 - 250.82,213.04 - 216.3,215.64
135,NET,Cloudflare,10/02/2025,0.2875515232370281,2.7926414444470438,-29.784642032332563,True,-0.11038999,-0.062230002,5.137438155395391,75641413632,,1.989,1.6915977,-0.36,,,,79.16 - 230.1,215.495 - 224.815,224.56
136,VRTX,Vertex Pharmaceuticals Incorpor,10/02/2025,0.11661532849673732,0.08892951546979982,-7.627450980392157,False,0.22771,0.31856,2.519790257104195,104825323520,29.05828,0.431,-0.10204035,14.07,29.05828,1.9 - Buy,,362.5 - 519.88,403.59 - 410.995,408.85
137,PRU,Prudential Financial,10/02/2025,0.30240486501428177,0.712249035380289,,True,0.05796,0.02755,,35877064704,22.453745,1.021,-0.17115211,4.54,22.453745,2.9 - Hold,0.5696,90.38 - 130.55,101.64 - 103.64,101.94
138,BTU,Peabody Energy,10/02/2025,-0.14353003012109083,0.10870824483491022,7.932530120481927,True,0.04425,0.03435,2.2080054274084127,3564096000,26.889908,0.66,0.109806895,1.09,26.889908,1.7 - Buy,,9.61 - 29.94,28.02 - 29.32,29.31
139,TSM,Taiwan Semiconductor Manufacturing Company,10/02/2025,0.3388813286063912,0.1997424848394857,125.9602397240696,True,0.34203997,0.42481998,2.3704955320678454,1494289088512,31.556406,1.216,0.5903621,9.13,31.556406,1.4 - Strong Buy,1.5197,134.25 - 296.72,287.06 - 296.72,288.11
140,HOOD,Robinhood Markets,10/02/2025,0.5823056300268097,1.5659068384539148,,False,0.23536,0.50126,1.2474375046088046,129479958528,73.58585,2.43,5.365225,1.98,73.58585,2.1 - Buy,,22.61 - 146.7,140.1505 - 146.7,145.7
141,NVO,Novo Nordisk A/S,10/02/2025,0.2503304472124033,0.5906489117370557,78.25548780487804,True,0.79168,0.35606,0.7840373550756065,240671014912,15.100257,0.331,-0.48974985,3.89,15.100257,2.4 - Buy,1.4928,45.05 - 120.56,58.0 - 59.12,58.74
142,LUMN,Lumen,10/02/2025,-0.09953974033111218,-30.53949579831933,0.34766763848396504,True,,-0.09194,2.13023127753304,6546779136,,1.437,-0.058997035,-1.25,,2.7 - Hold,,3.01 - 10.33,6.112 - 6.51,6.38
143,FYBR,Frontier Communications Parent,10/02/2025,0.03470754052149401,2.4931737030035706,0.5932835820895522,False,-0.078200005,-0.06402,0.35714285714285715,9354233856,,0.948,0.056843877,-1.56,,3.1 - Hold,,33.715 - 37.87,37.3147 - 37.87,37.37
144,O,Realty Income,10/02/2025,0.29226551749414625,0.7374767406703315,2.325336838646073,True,0.02358,0.16721001,1.7858115160767438,54931513344,58.3301,0.787,-0.031123996,1.03,58.3301,2.6 - Hold,,50.71 - 64.88,59.82 - 60.185,60.08
145,METC,Ramaco Resources,10/02/2025,-0.03926179915907741,0.38661750695805597,2.716968806140781,True,-0.05553,-0.03165,1.3614033237540317,2120293120,,1.278,2.0472076,-0.45,,1.0 - Strong Buy,,6.3 - 35.67,33.12 - 35.67,35.05
146,MRVL,Marvell Technology,10/02/2025,0.04713401238266427,0.35586401126533895,-1.9345300950369588,True,-0.00749,-0.01429,1.8809236027174592,74313015296,,1.94,0.174227,-0.12,,1.7 - Buy,,47.09 - 127.48,84.44 - 87.3104,86.2
147,VMC,Vulcan Materials Company (Holdi,10/02/2025,-0.04680090980351842,0.6477774209280472,7.315899581589958,True,0.1187,0.12523,1.6718831507563903,40082505728,42.076283,0.923,0.25655472,7.21,42.076283,1.6 - Buy,2.3261,215.08 - 309.17,301.0 - 305.21,303.37
148,ADI,Analog Devices,10/02/2025,-0.23390946142220995,0.25490357550797776,6.424216468514432,True,0.05652,0.18847999,2.32443124256891,118890864640,61.65051,1.089,0.05888796,3.92,61.65051,1.7 - Buy,0.8159,158.65 - 258.13,240.44 - 243.97,241.67
149,MCD,McDonald's,10/02/2025,0.016669935281427732,-20.241666666666667,7.869189907038512,True,,0.32206002,1.30316426244765,215754555392,25.718697,0.504,-0.012773216,11.66,25.718697,2.2 - Buy,2.4625,276.53 - 326.32,298.95 - 302.38,299.88
150,ABNB,Airbnb,10/02/2025,0.11949178178884744,0.2932408121305577,,True,0.33262002,0.22668,1.2319302721088434,74380509184,29.487864,1.109,-0.06438196,4.12,29.487864,2.7 - Hold,1.5184,99.88 - 163.93,120.02 - 122.5,121.49
151,SLB,Schlumberger,10/02/2025,0.09518635883506865,0.6747118510491578,12.35546875,True,0.19224001,0.11534,1.3147844674029212,52420210688,12.010564,0.975,-0.24967003,2.84,12.010564,1.5 - Strong Buy,4.4576,31.11 - 46.16,34.06 - 35.2,34.11
152,DASH,DoorDash,10/02/2025,0.24169079328314996,0.36433934775299787,,True,0.0964,0.06566,2.0730408858603067,115381043200,148.4011,1.706,0.8644898,1.82,148.4011,1.8 - Buy,0.6691,141.26 - 278.15,260.1501 - 270.435,270.09
153,BKNG,Booking,10/02/2025,0.11111631172478352,-2.8524861048520354,5.833976833976834,True,,0.19233,1.2482828933247478,175809036288,37.828102,1.351,0.29535306,143.4,37.828102,1.8 - Buy,1.1393,4096.23 - 5839.41,5301.0 - 5430.95,5424.55
154,AMT,American Tower Corporation (REI,10/02/2025,0.011485987095743192,12.177655677655677,3.277322890708437,True,0.24281,0.12601,0.6141960570298111,89515589632,35.73271,0.866,-0.14526516,5.35,35.73271,1.7 - Buy,52.7919,172.51 - 234.33,188.88 - 193.2,191.17
155,EQIX,"Equinix, Inc.",10/02/2025,0.06839276990718124,1.551476853166714,3.553610503282276,True,0.07512,0.1113,1.5444470643716104,75609710592,76.19329,0.907,-0.11892164,10.14,76.19329,1.7 - Buy,2.9056,701.41 - 994.03,766.289 - 777.98,772.6
156,MDT,Medtronic,10/02/2025,0.03624397478680015,0.5973524314618003,8.97119341563786,True,0.09741,0.13626,2.014137033824805,122470850560,26.375692,0.792,0.0818038,3.62,26.375692,2.2 - Buy,2.3069,79.29 - 96.25,93.98 - 95.74,95.48
157,KLAC,KLA,10/02/2025,0.23887647752854163,1.297462542512413,16.59427930342924,True,1.00775,0.33411998,2.618532990519593,150022914048,37.512676,1.497,0.4468814,30.37,37.512676,2.3 - Buy,2.2802,551.33 - 1155.0,1127.22 - 1155.0,1139.26
158,ITW,Illinois Tool Works,10/02/2025,-0.01297572484013162,2.78411214953271,15.06713780918728,True,1.09023,0.21311001,1.5854526958290946,76002795520,22.91125,1.113,0.008978009,11.38,22.91125,3.3 - Hold,3.6374,214.66 - 279.13,258.2 - 262.0999,260.73
159,KMI,Kinder Morgan,10/02/2025,-0.01526020607799661,1.057816054598635,,True,0.08875,0.17058,0.6842829617396091,62707032064,23.131147,0.788,0.19475019,1.22,23.131147,1.9 - Buy,2.1132,23.06 - 31.48,28.1517 - 28.905,28.22
160,ETN,Eaton,10/02/2025,0.07251250215554406,0.6225411157691068,35.63076923076923,True,0.20733,0.15103,1.2400458619970816,146672664576,37.903423,1.172,0.13124156,9.94,37.903423,1.8 - Buy,2.7349,231.85 - 399.56,370.805 - 381.58,376.76
161,RUN,Sunrun,10/02/2025,-0.0982798134181899,4.829724125277144,-0.675462005785239,False,-0.76005,-1.2058799,1.4076555876283459,4418528768,,2.417,0.15920103,-11.76,,2.0 - Buy,,5.38 - 20.02,18.3024 - 19.2398,19.15
162,ILMN,Illumina,10/02/2025,-0.02930728241563055,1.1505757307351638,6.0,True,0.68056,0.29342,1.8076659822039698,15262410752,12.56962,1.398,-0.2978859,7.9,12.56962,2.5 - Buy,,68.7 - 156.66,98.52 - 103.0,99.3
163,RHI,Robert Half,10/02/2025,-0.09334038532865849,0.18571968674871447,,True,0.12755,0.03197,1.5710571242361786,3483531776,19.565716,1.01,-0.48604023,1.75,19.565716,3.2 - Hold,,33.18 - 78.41,33.81 - 34.57,34.24
164,SNPS,Synopsys,10/02/2025,0.15220381142283568,0.5482734434273028,38.55723671112881,True,0.065019995,0.31042,1.6246491572660993,87514554368,63.840782,1.097,-0.056038618,7.38,63.840782,1.7 - Buy,6.409,365.74 - 651.73,470.35 - 489.29,471.145
165,NOK,Nokia,10/02/2025,-0.09073706121676602,0.2079002079002079,4.807339449541284,True,0.04472,0.053000003,1.4590281329923274,26249984000,25.684212,0.588,0.12183905,0.19,25.684212,2.4 - Buy,1.5261,3.91 - 5.48,4.84 - 4.9,4.88
166,GILD,Gilead Sciences,10/02/2025,0.060407139696120375,1.2679034307496824,10.752302968270214,True,0.33403,0.21865,1.3153990526409867,137915695104,22.067863,0.354,0.3070103,5.01,22.067863,1.7 - Buy,0.2091,83.98 - 121.83,108.4601 - 111.5,110.56
167,UBER,Uber,10/02/2025,0.17963573938467317,0.5461545269492876,5.351816443594647,True,0.67485,0.26676,1.1120132429449787,201472294912,16.458263,1.479,0.30061924,5.87,16.458263,1.6 - Buy,7.7412,59.33 - 101.99,94.76 - 97.21,96.61
168,HST,Host Hotels & Resorts,10/02/2025,0.07023159480323857,0.8501054534498342,3.5860465116279068,True,0.097200006,0.11098,0.6558891454965358,11915916288,18.202127,1.379,-0.04199326,0.94,18.202127,1.9 - Buy,2.223,12.22 - 19.36,16.99 - 17.215,17.11
169,SHOP,Shopify,10/02/2025,0.2577903682719547,0.09394589244473771,,True,0.22023001,0.23417,3.8503368623676613,196964663296,84.52515,2.726,0.8354968,1.79,84.52515,2.0 - Buy,,69.84 - 159.01,147.855 - 151.47,151.3
170,DVN,Devon Energy,10/02/2025,0.04469786341591296,0.597011952191235,10.331670822942643,False,0.20727,0.17659001,1.2222222222222223,21786335232,7.7297297,1.08,-0.19094765,4.44,7.7297297,1.8 - Buy,,25.89 - 43.3,34.1819 - 35.485,34.32
171,TMO,Thermo Fisher Scientific,10/02/2025,0.0005133350444501482,0.6974520401496703,5.551798561151079,True,0.13418001,0.15237,1.9330083346438118,198231277568,30.344511,0.775,-0.12303501,17.3,30.344511,1.6 - Buy,1.9718,385.46 - 610.97,523.0001 - 539.56,524.96
172,TMUS,T-Mobile US,10/02/2025,0.03617709208482904,1.9287479339519205,5.279976546467312,True,0.19743,0.14533,1.2112930956474528,259003924480,21.731823,0.583,0.10495484,10.59,21.731823,2.1 - Buy,0.8138,206.18 - 276.49,229.72 - 233.26,230.14
173,AVGO,Broadcom,10/02/2025,0.4398503587481504,0.8765233292847687,3.7935745003794588,True,0.27083,0.31592,1.4965277777777777,1597009297408,86.712814,1.208,0.9145154,3.9,86.712814,1.3 - Strong Buy,0.5425,138.1 - 374.23,335.37 - 347.57,338.18
174,INTC,Intel,10/02/2025,-0.020782621523935976,0.5185476538316153,-4.553191489361702,False,-0.18616,-0.38636002,1.2404907624549562,177444225024,,1.33,0.6511731,-4.95,,3.0 - Hold,,17.67 - 37.57,35.44 - 37.57,37.3
175,FAST,Fastenal Company,10/02/2025,0.027127826098792655,0.1431948311183485,206.84931506849315,True,0.32564998,0.15295,4.22004144825064,55281651712,46.317307,0.94,0.37275577,1.04,46.317307,2.8 - Hold,3.946,34.685 - 50.63,46.66 - 48.22,48.17
176,OXY,Occidental Petroleum,10/02/2025,-0.05421665428035531,0.6767258272213202,4.76,True,0.071100004,0.09002,1.048225128444652,43541770240,26.017647,0.951,-0.20677906,1.7,26.017647,2.8 - Hold,1.2487,34.78 - 56.49,43.84 - 47.91,44.23
177,MSFT,Microsoft,10/02/2025,0.1493215623240672,0.17639506345366093,53.89014675052411,True,0.33280998,0.36146,1.3534464445042416,3863090823168,38.174683,1.023,0.23958087,13.51,38.174683,1.3 - Strong Buy,2.2767,344.79 - 555.45,510.6791 - 521.6,515.74
178,BMY,Bristol-Myers Squibb Company,10/02/2025,0.07319024130115985,2.9210782907943793,3.0236260914227016,True,0.29319,0.10584,1.2068439407149085,96540721152,19.054165,0.344,-0.15252036,2.4,19.054165,2.7 - Hold,,42.96 - 63.33,45.66 - 47.385,45.73
179,D,Dominion Energy,10/02/2025,0.004585562426179393,1.7035090942494948,2.0381558028616853,False,0.091400005,0.16962999,0.6658370824160046,52136259584,20.295681,0.609,0.04911554,3.01,20.295681,2.9 - Hold,2.1166,48.07 - 62.46,60.59 - 61.58,61.09
180,SMR,NuScale Power,10/02/2025,0.6240683910565541,,,False,-0.99252,-2.21066,4.217829708556507,5290126848,,2.029,2.0045629,-1.19,,2.4 - Buy,,11.08 - 53.5,36.96 - 39.5901,39.51
181,NXPI,NXP Semiconductors,10/02/2025,-0.049864416993070204,1.121120284251228,8.72361809045226,True,0.22695999,0.17719999,1.7361644454483849,57407754240,27.140047,1.447,-0.02787739,8.39,27.140047,1.6 - Buy,1.1144,148.09 - 256.62,225.01 - 230.86,227.705
182,ALB,Albemarle,10/02/2025,-0.4408430392911536,0.3630215869770752,-3.8777495335680086,False,-0.081070006,-0.18614,2.3106082519909896,10310201344,,1.657,-0.14183563,-9.33,,2.6 - Hold,4.3849,49.43 - 113.91,84.72 - 90.094,87.61
183,ZBH,Zimmer Biomet,10/02/2025,0.0384625787779611,0.6045908183632734,7.0105504587155965,True,0.06529,0.10512,1.8721615113909984,19645177856,24.070389,0.667,-0.052636623,4.12,24.070389,2.5 - Buy,1.0235,89.22 - 114.72,98.1 - 99.32,99.17
184,FRT,Federal Realty Investment Trust,10/02/2025,0.06209225953359702,1.4077950673878257,2.3838929540222025,True,0.10606,0.27938,1.274376816972846,8593605632,25.065823,1.163,-0.110821724,3.95,25.065823,2.1 - Buy,3.6481,80.65 - 118.09,98.03 - 99.87,99.01
185,MRK,Merck &,10/02/2025,0.06742077684438161,0.7225930234931521,15.909520062942565,True,0.35421002,0.25789,1.423551100357184,223576588288,13.791988,0.373,-0.18456775,6.49,13.791988,2.0 - Buy,0.8067,73.31 - 111.58,88.22 - 91.0,89.51
186,DG,Dollar General,10/02/2025,0.049641228412082836,2.1302614747562165,6.24844706911636,True,0.15597999,0.0286,1.2532225568985385,22318751744,18.777779,0.308,0.20213401,5.4,18.777779,2.4 - Buy,1.3133,66.43 - 117.95,99.539 - 101.645,101.4
187,ERIC,Ericsson,10/02/2025,-0.05874669167764694,0.5044150873795361,1.7549240292628026,True,0.20934999,0.0704,1.0889078455893924,27571722240,15.181819,0.455,0.12685561,0.55,15.181819,,,6.64 - 8.99,8.2701 - 8.39,8.35
188,AMD,Advanced Micro Devices,10/02/2025,0.13690476190476192,0.06513031090253918,22.67391304347826,True,0.04699,0.095740005,2.491008838768668,275445252096,98.109825,1.894,-0.00684613,1.73,98.109825,1.7 - Buy,0.5071,76.48 - 186.65,166.12 - 171.059,169.73
189,TJX,The TJX Companies,10/02/2025,0.039526347824483096,1.4799233025039478,82.92105263157895,True,0.59755003,0.08587,1.1742129465864874,158582652928,32.457863,0.921,0.24239254,4.39,32.457863,1.5 - Strong Buy,2.8926,111.22 - 145.58,142.2 - 144.49,142.49
190,TSLA,Tesla,10/02/2025,0.009475783534663594,0.16987867656569314,22.17142857142857,True,0.08177,0.063439995,2.0372234070914423,1449765765120,256.47058,2.086,0.74344206,1.7,256.47058,2.6 - Hold,8.1322,212.11 - 488.54,435.57 - 470.75,436.0
191,CME,CME,10/02/2025,0.09880083887504705,0.12330653592415011,24.434431323803604,True,0.13612,0.58587,1.018595214951805,95655714816,25.670212,0.427,0.18268502,10.34,25.670212,2.7 - Hold,5.5977,213.94 - 290.79,262.26 - 266.0,265.43
192,CL,Colgate-Palmolive Company,10/02/2025,0.03309862774322866,12.475783475783476,14.82876712328767,True,3.9804401,0.14541,0.8850184501845019,63291768832,21.99719,0.335,-0.2093094,3.56,21.99719,2.1 - Buy,1.6103,78.18 - 102.61,78.19 - 79.3,78.31
193,CF,CF Industries,10/02/2025,-0.10481073744533254,0.6701591779165827,12.309352517985612,True,0.19795,0.20195,3.2240963855421687,14551650304,11.774573,0.918,-0.0034387112,7.63,11.774573,2.7 - Hold,0.5367,67.34 - 104.45,86.72 - 90.0,89.84
194,VST,Vistra Corp.,10/02/2025,0.16543744502334393,3.74144723201327,4.7508731082654245,True,0.39298,0.12903,0.8993004027983889,68661936128,32.528088,1.34,0.46412826,6.23,32.528088,1.7 - Buy,4.3653,90.51 - 219.82,198.71 - 205.0,202.65
195,ESS,Essex Property Trust,10/02/2025,0.06292998361681927,1.208947466207793,2.2439402366587555,True,0.1512,0.42391998,0.4449041944570313,18225788928,21.19518,0.823,-0.089692295,12.45,21.19518,2.6 - Hold,,243.85 - 316.29,263.35 - 267.66,263.88
196,REG,Regency Centers,10/02/2025,0.09938856651135076,0.8100650925923707,2.718219475936791,True,0.05969,0.26071,1.0880964356613672,13128879104,33.588783,1.101,0.014537811,2.14,33.588783,1.9 - Buy,2.7087,63.44 - 78.18,71.12 - 72.05,71.88
197,WFC,Wells Fargo & Company,10/02/2025,-0.0036442001525479133,1.1607301599571533,,True,0.114980005,0.26516,,259062284288,13.87931,1.24,0.4132725,5.8,13.87931,2.1 - Buy,1.5764,55.98 - 86.66,80.04 - 81.05,80.5
198,TEAM,Atlassian,10/02/2025,0.19655403348274664,0.9209878616642911,-4.2681505728314235,True,-0.21584,-0.04922,1.2233289812594648,39625629696,,0.923,-0.116666675,-0.99,,1.6 - Buy,1.6825,147.4 - 326.0,147.4 - 151.76,151.05
199,MPC,Marathon Petroleum,10/02/2025,-0.06412632515382904,1.8067252165543792,4.01223241590214,True,0.14628,0.01595,1.2323032978447157,58444869632,27.94186,0.883,0.11780441,6.88,27.94186,2.3 - Buy,1.2721,115.1 - 201.61,189.42 - 192.94,192.24
200,ISRG,Intuitive Surgical,10/02/2025,0.1723726505804242,,,True,0.1604,0.28514,5.167139312300603,158808686592,61.70056,1.611,-0.08079678,7.18,61.70056,1.9 - Buy,2.7562,425.0 - 616.0,433.0 - 443.32,443.01
201,HON,Honeywell,10/02/2025,0.05007910097648792,2.268530599565082,7.24007561436673,True,0.33602002,0.14296,1.2936306027105786,133969526784,24.005688,1.049,0.035479426,8.79,24.005688,2.0 - Buy,1.8186,179.36 - 242.77,210.09 - 213.0,211.01
202,LLY,Eli Lilly and Company,10/02/2025,0.3199674130599781,2.1837694071548577,22.420830130668715,True,0.86291003,0.25911,1.2776557602659155,739953278976,54.044163,0.461,-0.07587135,15.17,54.044163,1.8 - Buy,0.9035,623.78 - 937.0,812.815 - 834.46,819.85
203,BK,The Bank of New York Mellon,10/02/2025,0.044030192131747484,0.8210011376564278,,False,0.116809994,0.25842,,75023515648,16.266054,1.127,0.47791052,6.54,16.266054,2.3 - Buy,1.1028,70.46 - 110.87,105.8 - 107.315,106.38
204,SBUX,Starbucks,10/02/2025,0.0055760015121360034,-3.628168097840229,9.088256227758007,True,,0.07175,0.7558134316972259,98574630912,36.436974,0.998,-0.10209155,2.38,36.436974,2.3 - Buy,2.6692,75.5 - 117.46,84.03 - 87.26,86.72
205,BIIB,Biogen,10/02/2025,-0.016236935214933506,0.37397073834637634,8.864962045545346,True,0.091309994,0.1531,2.5026541445487953,22761916416,14.842257,0.125,-0.1638841,10.46,14.842257,2.2 - Buy,,110.04 - 194.13,152.22 - 157.85,155.25
206,CMCSA,Comcast Corporation,10/02/2025,0.017759023459349193,1.048290673302289,5.635703918722787,True,0.24919,0.18444,0.9133115249119276,112243081216,5.041459,0.941,-0.2619568,6.03,5.041459,2.3 - Buy,2.4325,30.38 - 45.31,30.38 - 30.8,30.4
207,COMM,CommScope Holding Company,10/02/2025,-0.07872601419433979,-6.175273467311117,0.39117775513175135,True,,0.16618,2.1769124503539974,3462255104,57.888885,2.426,1.5373378,0.27,57.888885,,,2.94 - 17.125,15.5 - 16.15,15.63
208,QCOM,QUALCOMM Incorporated,10/02/2025,0.08771635957565606,0.543496637142122,14.44906743185079,True,0.44615,0.26766002,3.193974358974359,182189162496,16.080954,1.227,-0.00029605627,10.5,16.080954,2.3 - Buy,1.911,120.8 - 182.1,167.18 - 169.54,168.85
209,DHR,Danaher,10/02/2025,-0.0006278777731268313,0.3316199793633202,17.492805755395683,True,0.06676,0.14213,1.6194051825677267,150607134720,44.751064,0.802,-0.22108656,4.7,44.751064,1.3 - Strong Buy,1.8709,171.0 - 279.41,210.0 - 216.16,210.33
210,AMGN,Amgen,10/02/2025,0.18566867683575736,7.566505115778137,2.300475435816165,True,0.99139,0.18956,1.305626098847431,160108806144,24.297386,0.48,-0.069636464,12.24,24.297386,2.4 - Buy,0.9612,253.3 - 335.88,295.46 - 300.5,297.4
211,BSX,Boston Scientific Corporation,10/02/2025,0.17605337078651687,0.5364885359978588,9.842622950819672,True,0.115480006,0.1355,1.3720616570327553,142574141440,57.27381,0.614,0.1381594,1.68,57.27381,1.3 - Strong Buy,1.4743,80.64 - 109.5,94.915 - 97.245,96.22
212,SIRI,Sirius XM,10/02/2025,-0.028370378644029935,0.9000794421396416,3.903225806451613,True,-0.49067003,-0.20537001,0.4066147859922179,7610334208,,0.937,-0.005719304,-5.48,,3.0 - Hold,,18.69 - 29.18,22.415 - 22.78,22.6
213,ULTA,Ulta Beauty,10/02/2025,0.007883341781693597,0.8786290353552034,,True,0.48521,0.10308,1.394534998691366,25011736576,21.438124,1.074,0.46102667,26.02,21.438124,2.1 - Buy,2.411,309.01 - 559.42,551.0001 - 557.82,557.82
214,INTU,Intuit,10/02/2025,0.15634019035922628,0.33683409436834094,19.991902834008098,True,0.20285,0.20546,1.3603664416586307,190105960448,49.916546,1.253,0.11657691,13.66,49.916546,1.7 - Buy,1.9105,532.65 - 813.7,668.36 - 682.95,681.86
215,DIS,Walt Disney Company (The),10/02/2025,0.027705910144210217,0.38721883732649226,5.7555555555555555,True,0.1146,0.12219,0.7224311537061749,201620291584,17.576801,1.542,0.17856014,6.38,17.576801,1.6 - Buy,0.8872,80.1 - 124.69,110.78 - 113.17,112.14
216,DAL,Delta Air Lines,10/02/2025,0.06193150496141125,1.2201834862385321,8.025435073627845,True,0.30074,0.07243,0.3846046088113749,37270298624,8.296512,1.503,0.15827918,6.88,8.296512,1.4 - Strong Buy,,34.74 - 69.98,55.8 - 57.565,57.08
217,GD,General Dynamics,10/02/2025,0.12878501135503406,0.4503392705682782,12.20356234096692,True,0.17915002,0.08128,1.3638391642635617,91740176384,22.904633,0.484,0.13433778,14.89,22.904633,2.3 - Buy,2.0167,239.2 - 341.68,338.0682 - 341.64,341.05
218,PANW,Palo Alto Networks,10/02/2025,0.1487387106820305,0.043223761566382086,654.1578947368421,True,0.17452998,0.122959994,0.9417626439659489,141669089280,131.63522,0.974,0.22268951,1.59,131.63522,1.8 - Buy,1.8445,144.15 - 210.39,205.44 - 209.88,209.3
219,JCI,Johnson Controls,10/02/2025,0.027808875554162376,0.6502210991787745,6.3412073490813645,True,0.11653,0.09533,0.9594331983805668,71105519616,36.09967,1.344,0.4357822,3.01,36.09967,2.1 - Buy,1.4396,68.03 - 112.63,107.465 - 110.2499,108.66
220,AMZN,Amazon.com,10/02/2025,0.10990892246666145,0.4012852969814995,28.509143807148796,True,0.2477,0.105399996,1.0240689917130767,2371982983168,33.955727,1.281,0.19248295,6.55,33.955727,1.3 - Strong Buy,1.9558,161.38 - 242.52,218.949 - 222.81,222.41
221,TM,Toyota Motor,10/02/2025,0.06522580777497446,1.0666916332297018,57.01835778660262,False,0.11652,0.088190004,1.265913932742577,248322588672,8.711476,0.209,0.05832684,21.87,8.711476,,,155.0 - 202.87,190.02 - 191.68,190.52
222,NEE,NextEra Energy,10/02/2025,-0.11954897915629224,1.834537472685395,3.188814317673378,True,0.07592,0.22850001,0.5420662125222372,160995491840,27.24042,0.652,-0.067620754,2.87,27.24042,2.1 - Buy,2.8016,61.72 - 86.0,77.54 - 78.89,78.18
223,CI,The Cigna,10/02/2025,0.25205059763201443,0.7651066792659272,,True,0.13182999,0.01915,0.7876679758361366,79272304640,16.290731,0.462,-0.13087505,18.23,16.290731,1.7 - Buy,0.5204,256.89 - 358.88,288.1 - 297.07,296.98
224,EL,The Este Lauder Companies,10/02/2025,-0.08213736545361353,2.449417852522639,3.196078431372549,True,-0.24687,-0.07909,1.3006439742410303,31988897792,,1.157,-0.07396203,-3.15,,2.6 - Hold,1.6784,48.37 - 97.44,85.845 - 89.26,88.77
225,NSC,Norfolk Southern,10/02/2025,-0.0027147087857847976,1.1744775816595658,6.116480793060719,True,0.24129999,0.27509,0.7927461139896373,66924888064,20.141794,1.32,0.20321071,14.81,20.141794,2.4 - Buy,2.5843,201.63 - 301.47,297.63 - 301.47,298.3
226,DOW,Dow,10/02/2025,-0.037156559544619244,1.0506064650919853,2.3489519112207153,False,-0.04739,-0.023459999,1.6891092885752432,16792518656,,0.857,-0.5719191,-1.44,,2.7 - Hold,,20.402 - 55.625,22.95 - 23.9684,23.69
227,SOC,Sable Offshore,10/02/2025,,2.006559297349577,-inf,False,-1.79451,0.0,0.2901286567981785,1946361728,,0.506,-0.20098037,-2.55,,1.0 - Strong Buy,,16.26 - 35.0,18.61 - 20.25,19.56
228,SAP,SAP  SE,10/02/2025,0.09513891114173102,0.2133274793892385,7.573229873908827,True,0.15841,0.18226999,1.0308661417322835,316667559936,41.323708,0.901,0.23103046,6.58,41.323708,1.5 - Buy,1.1598,217.52 - 313.28,270.8 - 273.84,271.91
229,APA,APA,10/02/2025,0.17610822563111486,0.7898391193903471,8.576407506702413,True,0.20436001,0.11026,0.8045007032348804,8543940608,8.262975,1.165,-0.11193752,2.89,8.262975,3.0 - Hold,,13.58 - 27.48,23.855 - 25.38,23.88
230,UDR,UDR,10/02/2025,0.027244837330361087,1.7913821396432164,1.3596910328385756,True,0.03121,0.07694,0.27136699217355237,13735438336,93.33334,0.855,-0.18367344,0.39,93.33334,2.5 - Buy,,36.27 - 46.62,36.27 - 36.845,36.4
231,PFE,Pfizer,10/02/2025,0.06839171172381368,0.6869158351654546,4.79780006470398,True,0.12168,0.16844,1.158431850713036,153964707840,14.328042,0.465,-0.052484274,1.89,14.328042,2.4 - Buy,1.0898,20.92 - 30.43,26.62 - 27.17,27.08
232,EXR,Extra Space Storage,10/02/2025,0.27210609613771186,0.9896297847513589,2.354377774864975,True,0.069,0.28772,1.5585757591394467,31349958656,30.754349,1.113,-0.16527021,4.6,30.754349,,3.636,121.03 - 175.58,140.2425 - 141.8,141.47
233,PSX,Phillips 66,10/02/2025,-0.028806165577785467,0.7615219526390455,1.8437170010559663,True,0.06183,0.012920001,1.0706629413258826,54532526080,32.052258,1.094,-0.026547372,4.21,32.052258,2.2 - Buy,0.4832,91.01 - 142.35,133.27 - 136.2,134.94
234,OKE,ONEOK,10/02/2025,0.22747072467047577,1.487265231333028,3.6921954777534647,True,0.16766001,0.110649996,0.5862172735479988,45638414336,14.126705,1.001,-0.23900032,5.13,14.126705,2.0 - Buy,1.5423,70.63 - 118.07,72.15 - 73.61,72.47
235,CE,Celanese,10/02/2025,-0.0603290676416819,2.523502653525398,1.5340236686390532,True,-0.23796,-0.16299,2.0509577159378387,4961613824,,1.134,-0.6684715,-14.64,,2.3 - Buy,,36.29 - 137.38,43.845 - 45.47,45.31
236,LYB,LyondellBasell Industries,10/02/2025,-0.019583039385019582,1.111092451087413,5.750519750519751,True,0.0121,0.0066000004,1.7738629083920563,15866916864,104.95745,0.89,-0.49012917,0.47,104.95745,2.9 - Hold,0.8383,47.55 - 96.81,48.5 - 50.045,49.33
237,NKE,NIKE,10/02/2025,-0.09838012538452552,0.8212800712800713,,True,0.21122,0.062340003,2.190266703326918,110132699136,38.241024,1.298,-0.093373835,1.95,38.241024,2.1 - Buy,2.927,52.28 - 84.76,73.89 - 76.96,74.57
238,META,Meta Platforms,10/02/2025,0.21941112807816043,0.25406264417901264,97.03496503496504,True,0.40647998,0.39992002,1.9732743600053613,1826452537344,26.3902,1.203,0.2200054,27.55,26.3902,1.4 - Strong Buy,1.9584,479.8 - 796.25,718.14 - 727.77,727.05
239,MS,Morgan Stanley,10/02/2025,0.1372490970454142,3.256840198180877,,False,0.14128,0.22489999,,247910940672,17.587769,1.324,0.43956244,8.83,17.587769,2.5 - Buy,1.6883,94.33 - 163.98,153.725 - 157.01,155.3
240,MEOH,Methanex,10/02/2025,-0.0009791928239077743,1.4322763210684757,2.448233484626868,True,0.12880999,0.07041,2.132448228529431,3027536384,11.229885,1.309,-0.12317705,3.48,11.229885,1.6 - Buy,,25.46 - 54.49,38.665 - 39.92,39.08
241,T,AT&T,10/02/2025,-0.0007514620838370308,1.4255737518048484,3.5691670365438672,True,0.11529,0.10288999,0.809348296098013,193131921408,15.434286,0.624,0.23277044,1.75,15.434286,2.0 - Buy,1.0044,21.05 - 29.79,26.885 - 27.43,27.01
242,CMI,Cummins,10/02/2025,0.0010861588140319977,0.7366188820086521,9.14054054054054,True,0.2615,0.08722,1.6415899175957345,59604860928,20.290339,1.038,0.30400312,21.32,20.290339,2.4 - Buy,2.1111,260.02 - 433.0,421.93 - 433.0,432.59
243,BXP,BXP,10/02/2025,0.040979738016825064,3.1478939345398307,1.584101798588473,True,0.009509999,0.00145,1.3211078698434342,13368102912,3780.5,1.235,-0.0635373,0.02,3780.5,2.4 - Buy,0.3751,54.22 - 90.11,74.75 - 76.11,75.61
244,SHW,Sherwin-Williams Company (The),10/02/2025,0.0020215253406443722,2.9017246472312483,9.049554967524656,True,0.62431,0.11026,0.7839173295593187,85745721344,34.150944,1.203,-0.07379478,10.07,34.150944,2.0 - Buy,3.2859,308.84 - 400.42,339.17 - 344.705,343.9
245,PPG,PPG Industries,10/02/2025,-0.024442802610515946,1.048963969908935,9.489626556016598,True,0.16559,0.06464,1.4213814647691774,23590162432,18.900541,1.149,-0.18705761,5.53,18.900541,2.3 - Buy,0.6775,90.24 - 132.18,103.74 - 105.32,104.52
246,JD,JD.com,10/02/2025,0.06836876372547393,0.44370487761929917,13.66367403314917,True,0.14247,0.030550001,1.2213078677874483,51610234880,10.078431,0.404,-0.2339791,3.57,10.078431,1.3 - Strong Buy,,29.9 - 47.82,35.85 - 36.86,35.98
247,CCJ,Cameco,10/02/2025,0.2117717344512122,0.14773700050419247,3.9882962454355355,True,0.08249,0.14945,2.9594018006418192,36659621888,95.681816,1.181,0.62422836,0.88,95.681816,1.6 - Buy,,35.0 - 89.13,82.73 - 85.755,84.2
248,SONY,Sony,10/02/2025,-0.004892491748566597,0.19424510210940435,34.559154516097465,True,0.1444,0.08813,1.0928840108110383,167992950784,21.272726,0.777,0.480232,1.32,21.272726,,5.7059,17.42 - 30.25,27.79 - 28.1399,28.08
249,YUM,Yum! Brands,10/02/2025,0.06684567552289429,-1.4829427083333333,4.914110429447852,True,,0.18121,0.8192014356213548,42005028864,29.852072,0.721,0.10822284,5.07,29.852072,2.4 - Buy,1.9743,122.13 - 163.3,150.74 - 153.05,151.35
250,MAA,Mid-America Apartment Communities,10/02/2025,0.01980341340899655,0.8538101297101779,3.89661453389026,True,0.09573,0.25982,0.0673047090372648,16354032640,28.037035,0.777,-0.118742704,4.86,28.037035,2.4 - Buy,,136.07 - 173.38,136.075 - 137.81,136.26
251,CPT,Camden Property Trust,10/02/2025,0.0011770221922184241,0.8340029449687574,2.2899048646150293,True,0.034140002,0.09934,0.0574819353707431,11157561344,73.02098,0.808,-0.13602513,1.43,73.02098,2.4 - Buy,,102.35 - 127.65,104.14 - 105.5,104.42
252,EW,Edwards Lifesciences,10/02/2025,0.08572854291417166,0.06662683849677108,74.75252525252525,True,0.15533,0.72956,4.6822809140741795,45001220096,32.07113,1.047,0.17040765,2.39,32.07113,2.2 - Buy,4.111,64.01 - 83.0,74.51 - 76.72,76.65
253,LYFT,Lyft,10/02/2025,0.3139318860138855,1.0504888927711566,-4.1116143978423985,True,0.14071,0.01508,0.7040508464060773,9189642240,94.208336,2.406,0.79872715,0.24,94.208336,2.6 - Hold,0.2751,9.66 - 23.5,21.63 - 22.705,22.61
254,AAPL,Apple,10/02/2025,0.020219940775141214,1.5448579674920249,,True,1.49814,0.24295999,0.8679917800453515,3815909359616,39.018208,1.094,0.13373017,6.59,39.018208,2.0 - Buy,2.4456,169.21 - 260.1,254.15 - 258.18,257.13
255,HCC,Warrior Met Coal,10/02/2025,-0.09030343696413927,0.1133041866859589,59.80191992507609,False,0.01954,0.03303,4.593862961745867,3396505344,85.01316,0.805,0.010636687,0.76,85.01316,2.1 - Buy,,38.0 - 75.15,63.41 - 66.5,64.61
256,MMM,3M Company,10/02/2025,-0.0014221861032100772,3.1995337995337993,4.048698572628044,True,0.9476,0.16011,1.7196465163934427,84581597184,21.634878,1.108,0.1739484,7.34,21.634878,2.1 - Buy,3.3074,121.98 - 164.15,156.535 - 159.5799,158.8
257,NFLX,Netflix,10/02/2025,0.15649919994477407,0.5792427261748695,14.494414476585881,True,0.43548,0.24579,1.3411604463487445,493989625856,49.638344,1.593,0.61529803,23.42,49.638344,1.9 - Buy,1.2979,677.88 - 1341.15,1134.0 - 1163.22,1162.53
258,AVB,AvalonBay Communities,10/02/2025,0.052692483748562544,0.7390041563582136,4.041458323219573,True,0.09711,0.38394,0.2052264757522847,27067013120,23.382534,0.865,-0.13989687,8.13,23.382534,2.5 - Buy,6.972,180.4 - 239.29,189.24 - 191.46,190.1
259,DLTR,Dollar Tree,10/02/2025,0.04751774317535799,2.0367534881140608,13.6,True,0.20055,-0.15799,1.036422036766182,18406057984,17.488373,0.858,0.2727785,5.16,17.488373,2.4 - Buy,,60.49 - 118.06,88.075 - 90.6453,90.24
260,JPM,JPMorgan Chase &,10/02/2025,0.09349346894522174,1.3590988557788213,,False,0.16211,0.34524,,845686767616,15.76371,1.127,0.45606482,19.51,15.76371,2.3 - Buy,3.8246,202.16 - 318.01,306.14 - 310.51,307.55
261,USB,U.S. Bancorp,10/02/2025,-0.02420304858458573,1.2866955304534653,,True,0.11667,0.26999,,74557038592,11.461723,1.076,0.07181203,4.18,11.461723,2.1 - Buy,1.6022,35.18 - 53.98,47.6118 - 48.11,47.91
